name,gender
Rose,female
Brenno,male
Flavia,female
João,male
Sítio,male
Jose,female
Mariah,female
Fernando,male
Regiani,female
Sergio,male
Angela,female
Surzical,male
Jennyfer,female
Cristiano,male
Henrique,male
Planos,male
Promolu,female
Wee,male
Giovani,male
Cred,male
Angela,female
Sérgio,male
Erenildo,male
Batata,female
Casio,male
Pimpolho,male
Antônio,male
Eliã,female
Marcella,male
Dany,female
Garagem Goumer,female
Ronaldo,male
Dindas,female
Robson,male
Leticia,female
Sandro,male
Juninho,male
Andrea,female
Thiago,male
João Carlos,male
Renato,male
Mamute L.,male
Ricardo,male
Anderson,male
Fanibio,male
Cristiane,female
Luciano,male
Doraly,female
StartFit,male
Eletro,male
Fabiola,female
Jessica,male
Loudes,female
Pátria,male
Solange,female
Thais,female
Priscilla,female
Ana Aparecida,female
Julia,female
Spaço,female
Helio,male
Adao,male
Valdison,male
Maison,female
Stanch,male
Alvaro,male
Abra,male
Naty,female
Renata,female
Uniasselvi,male
Euro,male
Plugmusic,male
Rodol,male
Luiz,male
Igo De Cael,male
Drogari,male
Alternativavn,female
Fernanda,female
Geraldo,male
Raquel,female
Efraim,male
Martiniano Alves,female
Rogério,male
Ezequias,male
Sorriso,female
Geladão,male
Nati,female
Depósito,female
Dcm,male
Cleyton,male
Lucas,male
Gottita,female
Ana,female
Luan,male
Victor,male
Tulio,male
Jhenifer,male
Ana,female
Deposito,male